[{"model": "admin.logentry", "pk": 40, "fields": {"action_time": "2021-05-15T10:34:52.825Z", "user": 3, "content_type": 7, "object_id": "1", "object_repr": "titanstrength.example.com", "action_flag": 2, "change_message": "[{\"changed\": {\"fields\": [\"Domain name\", \"Display name\"]}}]"}}, {"model": "admin.logentry", "pk": 41, "fields": {"action_time": "2021-05-15T10:41:15.208Z", "user": 3, "content_type": 8, "object_id": "2", "object_repr": "JoshHuntCode@gmail.com", "action_flag": 2, "change_message": "[{\"changed\": {\"fields\": [\"Verified\"]}}]"}}, {"model": "admin.logentry", "pk": 42, "fields": {"action_time": "2021-05-15T10:41:32.795Z", "user": 3, "content_type": 8, "object_id": "1", "object_repr": "joshhunt_1991@hotmail.co.uk", "action_flag": 3, "change_message": ""}}, {"model": "admin.logentry", "pk": 43, "fields": {"action_time": "2021-05-15T10:42:38.046Z", "user": 3, "content_type": 4, "object_id": "1", "object_repr": "JoshHunt1991", "action_flag": 3, "change_message": ""}}, {"model": "admin.logentry", "pk": 44, "fields": {"action_time": "2021-05-15T10:42:38.070Z", "user": 3, "content_type": 4, "object_id": "2", "object_repr": "JoshHunt_1991", "action_flag": 3, "change_message": ""}}, {"model": "admin.logentry", "pk": 45, "fields": {"action_time": "2021-05-15T10:47:15.656Z", "user": 3, "content_type": 8, "object_id": "3", "object_repr": "JoshHuntCode@gmail.com", "action_flag": 3, "change_message": ""}}, {"model": "admin.logentry", "pk": 46, "fields": {"action_time": "2021-05-15T10:50:42.222Z", "user": 3, "content_type": 8, "object_id": "4", "object_repr": "JoshHuntCode@gmail.com", "action_flag": 2, "change_message": "[{\"changed\": {\"fields\": [\"Verified\", \"Primary\"]}}]"}}, {"model": "admin.logentry", "pk": 47, "fields": {"action_time": "2021-05-19T18:03:23.632Z", "user": 3, "content_type": 14, "object_id": "25", "object_repr": "Testicle", "action_flag": 3, "change_message": ""}}, {"model": "admin.logentry", "pk": 48, "fields": {"action_time": "2021-05-24T19:24:38.040Z", "user": 3, "content_type": 8, "object_id": "4", "object_repr": "JoshHuntCode@gmail.com", "action_flag": 2, "change_message": "[]"}}, {"model": "auth.user", "pk": 3, "fields": {"password": "pbkdf2_sha256$260000$KBuVOFBhgbfBhqITZW1CRL$93kDgaU3hkyhnkwqwkC/xGhmdLzs3l9wMrSwBz6P0yU=", "last_login": "2021-05-24T19:55:40.651Z", "is_superuser": true, "username": "JoshHuntCode", "first_name": "", "last_name": "", "email": "JoshHuntCode@gmail.com", "is_staff": true, "is_active": true, "date_joined": "2021-05-15T10:33:14.312Z", "groups": [], "user_permissions": []}}, {"model": "auth.user", "pk": 4, "fields": {"password": "pbkdf2_sha256$260000$vtOWTFokjpLE72TjOFzGpj$qLzlFYQZuWQmIqN/tAkid15YBAHqnbUUE86+m7O8Ts0=", "last_login": "2021-05-15T11:59:50.074Z", "is_superuser": false, "username": "Helen", "first_name": "", "last_name": "", "email": "helenhastings8@gmail.com", "is_staff": false, "is_active": true, "date_joined": "2021-05-15T11:54:07.566Z", "groups": [], "user_permissions": []}}, {"model": "sessions.session", "pk": "0p159ba66gpfqnabiylipttzi4szc6dk", "fields": {"session_data": ".eJxVjMEOwiAQBf-FsyFAKbg9evcbCCxbixow0CYa479rTQ96fTNvnsz5ZZ7c0qi6FNnAJNv9bsHjhfIK4tnnU-FY8lxT4KvCN9r4sUS6Hjb3LzD5Nn3eRvZjtAq6DqLWltBQFNbI0CEgwh7G0VptewlaalRWGCW0AYIYjA_4jTZqLZXs6H5L9cEGqQQYIV5v4VE_1A:1lWl3R:eTrRtulC6g555unLX3R0MVFq0dTKyMS472Rozlnsjw8", "expire_date": "2021-04-28T19:20:01.310Z"}}, {"model": "sessions.session", "pk": "0y7qu5et4f3no1k5d2au356jgho6ibm6", "fields": {"session_data": "eyJzYXZlX2luZm8iOmZhbHNlfQ:1lgvSo:y7RNZ2GW1uhNUxhBM7zWRIH_W-V_4wb57pRI-c5M6dM", "expire_date": "2021-05-26T20:28:14.945Z"}}, {"model": "sessions.session", "pk": "2fxddil5jaeafw8gcn38pg7mjpmk9b0m", "fields": {"session_data": ".eJxVjDsOwjAQBe_iGll28JeSPmewdtdrHECOFCcV4u4QKQW0b2beSyTY1pq2zkuasriIszj9bgj04LaDfId2myXNbV0mlLsiD9rlOGd-Xg_376BCr98aos9ogJyzoIr2xAaLDzyoOPioigUKFhBRZ-sLOksMOgTPigwoBeL9AQO5OLk:1llGfs:tDPAWakJlATio0LK2tsQ5xZFfWy6ca5uJJs49GsTzf4", "expire_date": "2021-06-07T19:55:40.695Z"}}, {"model": "sessions.session", "pk": "95rmj530p8r4vjrpjuo8b9oxkvxk6m7y", "fields": {"session_data": "eyJiYWciOnsiMyI6MX19:1lfJ2y:2MjgZ6Cuv0QHWMC5GY3wWGCksbNCbZNxFNv1O4zojHo", "expire_date": "2021-05-22T09:14:52.498Z"}}, {"model": "sessions.session", "pk": "ck879n692q2cckg7a1uaxgmrzqn84buu", "fields": {"session_data": "eyJiYWciOnsiMyI6MX19:1liiSe:BwNlSFmFfK4I3TV84JDOLeznRWwXpXSYv6FtBUl0Luo", "expire_date": "2021-05-31T18:59:28.130Z"}}, {"model": "sessions.session", "pk": "ht1jhdrqp1sp6iw346b6etjiomap4lfa", "fields": {"session_data": "e30:1lhrJp:foJrmTfKofaZimFHEZcfHfQDqS62GGuM4n7HSN82W-U", "expire_date": "2021-05-29T10:14:49.849Z"}}, {"model": "sessions.session", "pk": "jcu03s02qgboxt3gjvyz8uq3o4w43vno", "fields": {"session_data": ".eJxVjEEOwiAQRe8ya9NALaVl6d4zkBkYLGrAQGs0Te-uTdy4_e_9t0LFJ9uYQgYzl4UPYHGZJ7tULjZ6MHCEv43Q3TjtwF8xXXLjcppLpGZXmh-tzTl7vp9-7l9gwjp93zhqTx26vlcogtSOOwp64FaMrR5FUOgGhUQkvdKBeuUY5TBoFq5DIXCPVq415mT59YjlDUYcgPACZgWpwcht-wDCjEn9:1ljo83:s5LZm-MnER-MCGDtRxfwIGkWlYAeX1mOzzKTyqCtbwE", "expire_date": "2021-06-03T19:14:43.699Z"}}, {"model": "sessions.session", "pk": "k78esndxbi28809bkwfzzdkbunm53zq5", "fields": {"session_data": "e30:1lhrSu:YMusy11eIFvuzB_Pe_YNI3EzMwgLbVUUHSgexi0MN98", "expire_date": "2021-05-29T10:24:12.938Z"}}, {"model": "sessions.session", "pk": "lpxehf2ewsy0lybiwn3v8mngw94mdf8q", "fields": {"session_data": "e30:1lhrRC:kX_yktsF1QHvRpYd7HaF1ni4bGVoYqqXxTIlRg41eF8", "expire_date": "2021-05-29T10:22:26.781Z"}}, {"model": "sessions.session", "pk": "mlj5xuqfnn46saa94lvy2yazwifg4sc5", "fields": {"session_data": ".eJxVjMsOwiAUBf-FdUOAUvB26d5vIDwuFjVgoDUa479rTRe6PTNnnsTYZZ7M0rCaFMhIOOl-N2f9GfMKwsnmY6G-5LkmR1eFbrTRQwl42W_uX2Cybfq8FR9i0AL6HoKUGr3CwLTirvfgPewgRq2lHjhILr3QTAkmFSAEp6zz32jD1lLJBu_XVB9k5IKBYqwjzd7QpBwLGee64OsNUQFF-A:1lfq5B:Payz3UWE0ZI4VIxA5BnfWWBdq0cjB46rRa2hJW86L6c", "expire_date": "2021-05-23T20:31:21.631Z"}}, {"model": "sessions.session", "pk": "o1ymbfi6akxmh5t4f8lwxyjo8z0vg8cu", "fields": {"session_data": "eyJzYXZlX2luZm8iOmZhbHNlLCJiYWciOnsiMSI6MX19:1lhrIt:2p7Xeuugn0dEaA81SZyyLiLG26R3iPMla2G9Uqe6ADk", "expire_date": "2021-05-29T10:13:51.114Z"}}, {"model": "sessions.session", "pk": "wen96p4u1jn00599pbwr5witj4j2lv2w", "fields": {"session_data": "eyJiYWciOnsiMyI6MX19:1ldvK8:ztuEUC-rfL-9qe-9p8sndDWWdPGxE8yyCdFfCBbtToM", "expire_date": "2021-05-18T13:42:52.692Z"}}, {"model": "sites.site", "pk": 1, "fields": {"domain": "titanstrength.example.com", "name": "Titan Strength"}}, {"model": "account.emailaddress", "pk": 4, "fields": {"user": 3, "email": "JoshHuntCode@gmail.com", "verified": true, "primary": true}}, {"model": "account.emailaddress", "pk": 5, "fields": {"user": 4, "email": "helenhastings8@gmail.com", "verified": true, "primary": true}}, {"model": "products.category", "pk": 1, "fields": {"name": "barbells", "friendly_name": "Barbells"}}, {"model": "products.category", "pk": 2, "fields": {"name": "dumbells", "friendly_name": "Dumbells"}}, {"model": "products.category", "pk": 3, "fields": {"name": "plates", "friendly_name": "Plates"}}, {"model": "products.product", "pk": 1, "fields": {"category": 1, "sku": "BAR-AXLE-50MM-36KG", "name": "Solid Steel Competition Axle - 50mm Thick, 36kg", "description": "This solid steel 50 mm axle is a beast. 36 kg in weight its ideal for heavy axle training. The shaft is knurled from either side and it comes with a centre knurling too for squatting.\r\n\r\nThis bar has been used by Strongmen for years in competition and training. It's larger diameter shaft makes it a beast to hold when loaded up for a Deadlift. To give you an idea of the size of the bar, grab the end sleeve of a regular Olympic sized bar. Yes, it's that thick!\r\n\r\nLength: approx. 2.2 m\r\nWeight: approx. 36 kg\r\nDiameter: 50 mm\r\n\r\nDiameter loading pin: 50 mm\r\n\r\nRated to: 450 kg\r\n\r\nLength: approx. 2.2 m\r\nWeight: approx. 36 kg\r\nDiameter: 50 mm", "price": "159.99", "rating": "4.80", "image_url": "https://www.strengthshop.co.uk/media/catalog/product/cache/5f99e360ccf98240807bea5554c84b7b/s/t/steel-axle-50mm.jpg", "image": "steel-axle-50mm-2.jpg"}}, {"model": "products.product", "pk": 2, "fields": {"category": 1, "sku": "BAR-AXLE-60MM", "name": "60mm Thick Bar/Axle", "description": "If you're looking to add some serious grip training to your routine or are a serious Strongman competitor then this is the bar for you. The Axle can be used for Deadlifts, Squats, Bench Press, Overhead Press, Clean and Press, Bent Over Rows.... the list goes on and on.\r\n\r\nWith the growing popularity of Crossfit this bar has also become popular with many Athletes who follow the Crossfit Strongman program or who want to make \"Grace\" a little more interesting.\r\n\r\nIt's versatility and robust design make this an essential piece of kit for any strength athlete.\r\n\r\nSee below for full specifications.\r\n\r\n\r\n60mm Thick Bar/Axle\r\n\r\n\r\nLength approx 2.1m.\r\n\r\n\r\nSleeves do not revolve, bar is one solid piece with sleeve plates to stop plates sliding up the bar.", "price": "149.99", "rating": "4.50", "image_url": "https://www.strengthshop.co.uk/media/catalog/product/cache/5f99e360ccf98240807bea5554c84b7b/6/0/60mm-axle_1.jpg", "image": "60mm-axle-sleeve_1.jpg"}}, {"model": "products.product", "pk": 3, "fields": {"category": 1, "sku": "BAR-GAR-BLK-CHROME-SLEEVES", "name": "Strength Shop Garage Strength Bar - Black E-Coat Shaft with Chrome Sleeves", "description": "If space is a limiting factor in you're training area then this barbell will be ideal for you!\r\n\r\nOur Garage Strength Barbell is the ideal solution for when your training area is restricted by the amount of space available. Having a shorter length barbell will allow you to continue your weight training even in the tightest of spaces.\r\n\r\nSpecification:\r\n• Weight - 15kg\r\n• Length - 1.835m\r\n• Shaft - Straight Steel\r\n• Shaft Length between sleeves - 127.5cm\r\n• Shaft Diameter - 28mm\r\n• Distance Between Rings - 800mm\r\n• Loadable Sleeve Length - 250mm\r\n• Centre Knurling? - No\r\n• Knurling Type - Coarse\r\n• Sleeve Type - Steel Bushings and Needle Bearings\r\n• Recommended Max Load/Rating - 200kg Max suggested load. Not suitable for Olympic Weightlifting. 700lbs steel tensile rating PSI: 186K\r\n• Warranty - Standard 6 Month", "price": "129.99", "rating": "4.20", "image_url": "https://www.strengthshop.co.uk/media/catalog/product/cache/02e788e609df6a636d3e52bcc183ce7f/g/a/garage_bar_shop_galerie_1.jpg", "image": "garage_bar_shop_galerie_1.jpg"}}, {"model": "products.product", "pk": 4, "fields": {"category": 1, "sku": "BAR-2028-BLABAR", "name": "Strength Shop Original 2028 Olympic Bar - Black E-Coat", "description": "The Original 2028 Olympic bar is our best selling bar, and fits the bill perfectly when you're looking for a bar on a budget. It is Olympic standard size and weight (2.2m long and 20kg) and is made of straight steel with 50mm sleeves on the ends, and a 28mm diameter shaft, which is rare for a bar in this price range.\r\n\r\nSpecification:\r\n• Weight - 20kg\r\n• Length - 2.2m\r\n• Shaft - Straight Steel\r\n• Shaft Diameter - 28mm\r\n• Distance Between Rings - 810mm\r\n• Loadable Sleeve Length - 405mm\r\n• Centre Knurling? - Yes\r\n• Knurling Type - Coarse\r\n• Sleeve Type - Steel Bushings and Needle Bearings\r\n• Recommended Max Load/Rating - 250kg Max suggested load. Not suitable for Olympic Weightlifting. 700lbs steel tensile rating PSI: 186K\r\n• Warranty - Standard 6 Month", "price": "129.99", "rating": "4.00", "image_url": "https://www.strengthshop.co.uk/media/catalog/product/cache/02e788e609df6a636d3e52bcc183ce7f/2/0/2028-thumbnail.png", "image": "2028-thumbnail.png"}}, {"model": "products.product", "pk": 5, "fields": {"category": 1, "sku": "BAR-1525-WOMBLABAR", "name": "Strength Shop Original 1525 15kg Olympic Women's Bar - Black E-Coat", "description": "The Strength Shop Original 2025 15kg Olympic Women's Bar is ideal for Home/Garage Gym use. For commercial/more frequent use we strongly recommend the Woman's Bastard Bar\r\n\r\nSpecification:\r\n• Weight - 15kg\r\n• Length - 2m\r\n• Shaft - Straight Steel(S45C)\r\n• Shaft Diameter - 25mm\r\n• Distance Between Rings - 810mm\r\n• Loadable Sleeve Length - 320mm\r\n• Centre Knurling? - No\r\n• Knurling Type - Coarse\r\n• Sleeve Type - Brass Bushings\r\n• Recommended Max Load/Rating - 700lbs Static rating. Max suggested load 150kg for slow static lifts, 90kg for Olympic Lifts\r\n• Warranty - Standard 6 Month", "price": "129.99", "rating": "3.90", "image_url": "https://www.strengthshop.co.uk/media/catalog/product/cache/02e788e609df6a636d3e52bcc183ce7f/1/5/1525-thumbnail_3-new.jpg", "image": "1525-thumbnail_3-new.jpg"}}, {"model": "products.product", "pk": 6, "fields": {"category": 1, "sku": "BAR-2029-POWER", "name": "Strength Shop Original 2029 Power Bar - Black E-Coat", "description": "We don't all deadlift 400kg but would still like to train with Power bar specification barbells. The 2029 Power Bar is an economical alternative for large section of lifters to whom more expensive power bars aimed at very heavy lifting might be an overkill or simply too expensive.\r\n\r\nOlympic standard size (220cm long, 50mm loading sleeves, 20kg weight)\r\nStraight steel 29mm diameter shaft.\r\n\r\nSpecification:\r\n•Weight - 20kg\r\n•Length - 2.2m\r\n•Shaft - Straight Steel\r\n•Shaft Diameter - 29mm\r\n•Distance Between Rings - 810mm\r\n•Loadable Sleeve Length - 405mm\r\n•Centre Knurling? - Yes\r\n•Knurling Type - Coarse\r\n•Sleeve Type - Needle Bearings\r\n•Recommended Max Load/Rating - 185K PSI Tensile Strength. 260kg max suggested load. Not suitable for Olympic Weightlifting\r\n•Warranty - Standard 6 Month\r\nPlease see section 10 in our T&C for guidelines on usage - https://www.strengthshop.co.uk/terms-conditions", "price": "149.99", "rating": "4.50", "image_url": "https://www.strengthshop.co.uk/media/catalog/product/cache/02e788e609df6a636d3e52bcc183ce7f/2/0/2029-thumbnail-new.jpg", "image": "2029-thumbnail-new.jpg"}}, {"model": "products.product", "pk": 7, "fields": {"category": 1, "sku": "BAR-BAST-WO", "name": "Strength Shop Bastard Bar - no centre knurling", "description": "We often get asked which bar is suitable for powerlifting, weightlifting, and functional training. We have now developed the Strength Shop Bastard Bar, a bar which combines many features from each type of bar and brings them into one.\r\n\r\nSpecification:\r\n• Weight - 20kg\r\n• Length - 2.2m\r\n• Shaft - Sprung Steel\r\n• Shaft Diameter - 28mm\r\n• Distance Between Rings - 810mm and 910mm\r\n• Loadable Sleeve Length - 410mm\r\n• Centre Knurling? - No\r\n• Knurling Type - Medium\r\n• Sleeve Type - Needle Bearings, Brass Bushings & Ball Bearings\r\n• Recommended Max Load/Rating - 1500lbs Static rating, 205K PSI Tensile strength. Max suggested load - 120kg for Clean & Jerk / Snatch, 250kg for Squat/Deadlift\r\n• Warranty - 3 Year Performance Warranty", "price": "219.99", "rating": "5.00", "image_url": "https://www.strengthshop.co.uk/media/catalog/product/cache/02e788e609df6a636d3e52bcc183ce7f/b/a/bastard-bar-with-centre-knurling-sleeve_6_1.jpg", "image": "bastard-bar-with-centre-knurling-sleeve_6_1.jpg"}}, {"model": "products.product", "pk": 8, "fields": {"category": 1, "sku": "BAR-RIOT-WEIGHTLIFTING-BAR-WOM", "name": "Women's Riot Pure Needle Bearing Weightlifting Bar", "description": "As an Olympic Weightlifter you need a dedicated barbell with IWF specifications and nothing else.\r\n\r\nHere´s where our Riot Weightlifting Barbell comes in - a high quality spring steel barbell with IWF specifications at an affordable price!\r\n\r\nMost barbells at this price range are dual-purpose powerlifting and weightlifting bars. This forces the pure weightlifter to either settle for hybrid markings and sluggish spin, or choose a much more expensive weightlifting specific barbell.\r\n\r\nSpecs:\r\n\r\n•Overall Length: 201cm\r\n•Shaft Thickness: 25mm, high quality alloy spring steel\r\n•Shaft Length Excluding Sleeves: 131.2cm\r\n•Coating: Hardened Chrome\r\n•Markings: 91cm, as specified by IWF\r\n•Sleeve Technology: 4 needle bearings per sleeve\r\n•Sleeve Finish: lightly knurled\r\n•Weight: 15kg\r\n•Weight Tolerance +/- 50 grams\r\n•Recommended Maximum Load: 280kg\r\n•Static Rating: 1500lbs\r\n•Tensile Strength: 205K PSI", "price": "239.99", "rating": "5.00", "image_url": "https://www.strengthshop.co.uk/media/catalog/product/cache/02e788e609df6a636d3e52bcc183ce7f/w/o/womans-bast-bar-yellow-knurling_1.jpg", "image": "womans-bast-bar-yellow-knurling_1.jpg"}}, {"model": "products.product", "pk": 9, "fields": {"category": 2, "sku": "HEX-DB", "name": "Strength Shop Hex Dumbbells 1kg - 75kg", "description": "A full set of 1kg to 75kg Dumbbells, pairs in 2.5kg increments", "price": "3500.00", "rating": "5.00", "image_url": "https://www.strengthshop.co.uk/media/catalog/product/cache/02e788e609df6a636d3e52bcc183ce7f/1/0/10kg_hex_3.jpg", "image": "10kg_hex_3.jpg"}}, {"model": "products.product", "pk": 11, "fields": {"category": 2, "sku": "HEX-DB-RACK-1-1", "name": "Hex Dumbbell Tower Rack", "description": "PLEASE NOTE: Hex dumbbells pictured are NOT included, these are for display purposes only.\r\n\r\nStorage Rack for smaller (sub 10 kg) hex dumbbells.\r\n\r\nThis rack has been made for our 1-10 kg hex dumbbell set but can work with other smaller dumbbells too.\r\n\r\nPrice is for the Dumbbell Rack ONLY.", "price": "129.99", "rating": "5.00", "image_url": "https://www.strengthshop.co.uk/media/catalog/product/cache/02e788e609df6a636d3e52bcc183ce7f/h/e/hex_dumbbell_set02_1.jpg", "image": "hex_dumbbell_set02_1.jpg"}}, {"model": "products.product", "pk": 12, "fields": {"category": 2, "sku": "DB-FARM-HOOKS", "name": "Farmers Hooks for Dumbbells - Pair", "description": "Designed to fit most dumbbells, these farmers hooks are very compact and can be taken with you anywhere. Due to the height difference off the floor and the weight balance while carrying, they do a great job of emulating normal plate loaded farmer's walks.\r\n\r\nIdeal compact tool for commercial or home gym use. These dumbbell hooks allow you to emulate one of the most popular strongman events without having all of the equipment taking up lots of valuable space in your gym or home set up, all you need is some dumbbells and our farmers hooks.", "price": "59.99", "rating": "4.20", "image_url": "https://www.strengthshop.co.uk/media/catalog/product/cache/02e788e609df6a636d3e52bcc183ce7f/f/a/farmers-dumbbell-hook-4.jpg", "image": "farmers-dumbbell-hook-4.jpg"}}, {"model": "products.product", "pk": 13, "fields": {"category": 2, "sku": "CIRCUSDB", "name": "Strength Shop Circus Dumbbells 20kg", "description": "Rooted in tradition, the challenge of hoisting a weighted dumbbell from the floor to overhead has been a worldwide phenomenon for over a century. Such feats of strength make for an impressive show, which is why this movement is still used in many strongman competitions today. This is a great tool for combining the development of upper body, core and grip strength and should not be overlooked by any lifter!\r\n\r\n\r\nDetails:\r\n- 60mm diameter steel handles with cast iron globes\r\n- Single mould cast with black coating", "price": "59.99", "rating": "4.50", "image_url": "https://www.strengthshop.co.uk/media/catalog/product/cache/02e788e609df6a636d3e52bcc183ce7f/4/2/42kg-circus-dumbell-corner_1.jpg", "image": "20kg-circus-dumbell-corner_1.jpg"}}, {"model": "products.product", "pk": 14, "fields": {"category": 3, "sku": "DUMB-HANDLE-NORM", "name": "Olympic Dumbbell Handle - Black Zinc Coated", "description": "Olympic dumbbell handle. 500mm total length. 50mm sleeves. 25.4mm shaft, weight 4.25kg. Sleeve length 180mm.\r\n\r\nIdeal for training at home or at the gym. Made from strong steel and with black paint finish. Dumbbell handles are designed to take weight plates with a diameter of 2 Inches.\r\n\r\nKnurled handle ensures a firm and comfortable grip so no matter how sweaty your hands get.\r\n\r\nPrice is for 1 (one) handle, NOT A PAIR.\r\n\r\nWe strongly recommend using the Riot collars with these for safety reasons.", "price": "39.99", "rating": "4.00", "image_url": "https://www.strengthshop.co.uk/media/catalog/product/cache/02e788e609df6a636d3e52bcc183ce7f/o/l/oly-db-handle2.jpg", "image": "oly-db-handle2.jpg"}}, {"model": "products.product", "pk": 15, "fields": {"category": 2, "sku": "DB-HEAVY-DUTY", "name": "Riot Heavy Duty Olympic Loadable Dumbbell Handle - 32mm Handle", "description": "Thicker handle, rated to 200kg, rotating sleeves and longer loading pins, this dumbbell has been made for serious weights. With normal dumbbell handles the capacity is often quickly achieved, leaving big pressers and heavy weight dumbbell rowers without any further space for more weight.\r\n\r\nNot any more, with the 240mm length loading sleeve you can fit as much as you can ever lift, and with a solid structure like with a full blown barbell this handle is made to last.\r\n\r\nDesigned for the strongest of people, ideal for every strength athlete!", "price": "54.99", "rating": "3.80", "image_url": "https://www.strengthshop.co.uk/media/catalog/product/cache/02e788e609df6a636d3e52bcc183ce7f/3/2/32mm_dumbbell.jpg", "image": "32mm_dumbbell.jpg"}}, {"model": "products.product", "pk": 16, "fields": {"category": 2, "sku": "DB-MONSTER", "name": "Strength Shop Riot Monster Loadable Dumbbell", "description": "Monster dumbell press is one of the classic strongman events. With this loadable dumbell you can train your press starting at approx 36kg when the dumbell is empty, up to approximately 105kg (with thin 5kg steel plates).\r\n\r\nThe dumbbell is the same specifications as those used in top level strongman competitions, including a 50mm thick handle.\r\n\r\nWe recommend getting strong collars for keeping the plates tight and safe. You can select the recommended collars from the drop down menu below at a discounted price. TPR collars are the strongest but screw clamp collars also provide the security needed for safe use.", "price": "199.99", "rating": "5.00", "image_url": "https://www.strengthshop.co.uk/media/catalog/product/cache/02e788e609df6a636d3e52bcc183ce7f/m/o/monster-db.jpg", "image": "monster-db.jpg"}}, {"model": "products.product", "pk": 17, "fields": {"category": 3, "sku": "TECH-PLATE-2.5KG", "name": "Strength Shop Olympic 2.5kg Technique Plate", "description": "Strength Shop Olympic 2.5kg full sized technique plate . (price is for one plate, not a pair)\r\n\r\nIdeal for beginners, and anyone wanting to train with full sized plates at lighter weights. Great for beginners to really drill in their technique and can be a useful tool if you are rehabbing an injury you can use these plates meaning lighter load but still from the proper height.\r\n\r\nSpecifications:\r\n\r\nHeight - 450mm (same as a full size competition bumper plate)\r\nWidth - 80mm\r\n50mm Centre Hole Diameter suitable for standard olympic barbells\r\nConstructed from a high-density polyethylene plastic\r\n\r\nStrength Shop Olympic 2.5kg Air Technique Plate", "price": "69.99", "rating": "5.00", "image_url": "https://www.strengthshop.co.uk/media/catalog/product/cache/02e788e609df6a636d3e52bcc183ce7f/t/e/technical_2_5_shop_1_1_1.jpg", "image": "technical_2_5_shop_1_1_1.jpg"}}, {"model": "products.product", "pk": 18, "fields": {"category": 3, "sku": "BUMP-RIOT-BLACK", "name": "Strength Shop Riot Bumper Plates - Black", "description": "Strength Shop Riot Bumper Plate (full set of pairs, 5kg, 10kg, 15kg, 20kg, 25kg)\r\n\r\nThese plates are coated in urethane rather than rubber making them extremely durable. The plates will bounce less and absorb more of the noise compared to regular bumper plates.\r\n\r\nNow with a 10-year guarantee against splitting/cracking of the plates.\r\n\r\nWe have heard of many people asking about if our bumper plates 'split or crack after use'. We've sold thousands of them over the years, as well as using them extensively ourselves in training, and have never heard of this happening to any of them. To give you peace of mind and to back this up, we're now selling these bumpers with a 10-year guarantee against splitting/cracking of them (5's are excluded from the guarantee).", "price": "450.00", "rating": "4.00", "image_url": "https://www.strengthshop.co.uk/media/catalog/product/cache/02e788e609df6a636d3e52bcc183ce7f/1/5/150-set_6_1.jpg", "image": "150-set_6_1.jpg"}}, {"model": "products.product", "pk": 19, "fields": {"category": 3, "sku": "BUMP-RIOT-CLR", "name": "Strength Shop Riot Bumper Plates - Coloured", "description": "Strength Shop Riot Bumper Plate - Coloured\r\n\r\nThese plates are coated in urethane rather than rubber making them extremely durable and even more robust than our core range, and in conjunction with IWF colours. The plates will bounce less and absorb more of the noise compared to regular bumper plates.\r\n\r\nPrice is for a set of pairs, 5kg, 10kg, 15kg, 20kg, 25kg\r\n\r\nNow with a 10-year guarantee against splitting/cracking of the plates.\r\n\r\nWe have heard of many people asking about if our bumper plates 'split or crack after use'. We've sold thousands of them over the years, as well as using them extensively ourselves in training, and have never heard of this happening to any of them. To give you peace of mind and to back this up, we're now selling these bumpers with a 10-year guarantee against splitting/cracking of them (5's are excluded from the guarantee).", "price": "500.00", "rating": "5.00", "image_url": "https://www.strengthshop.co.uk/media/catalog/product/cache/02e788e609df6a636d3e52bcc183ce7f/1/5/150-set_11.jpg", "image": "150-set_11.jpg"}}, {"model": "products.product", "pk": 20, "fields": {"category": 3, "sku": "STEEL-CLR", "name": "Strength Shop Olympic Extra Thin Competition Style Steel Plates 25kg - Coloured", "description": "Strength Shop Olympic Extra Thin Competition Style Steel Plate - Coloured\r\n\r\nPrice is for one plate, not a pair.\r\n\r\n+/- 1% tolerance of stated weight.\r\n\r\n25kg Olympic Extra Thin Steel Plate:\r\nDiameter - 450mm\r\nThickness - 25mm", "price": "99.99", "rating": "4.90", "image_url": "https://www.strengthshop.co.uk/media/catalog/product/cache/02e788e609df6a636d3e52bcc183ce7f/s/t/steel-25_s_2.jpg", "image": "steel-25_s_2.jpg"}}, {"model": "products.product", "pk": 21, "fields": {"category": 3, "sku": "STEEL-SET-8X0.25-BAG", "name": "Fractional Plate Package with bag - 8 x 0.25kg Steel Plates", "description": "Fractional Plate Package with storage bag, allowing you to keep plates stored together and makes plate set easier to transport.\r\n\r\n8 x 0.25kg Steel Plates\r\n\r\nAll with 51mm hole suitable for Olympic 2\" sleeves.\r\n\r\nApproximate spec;\r\nDiameter - 95mm\r\nThickness - 6mm\r\nFractional Plate Package with bag", "price": "39.99", "rating": "5.00", "image_url": "https://www.strengthshop.co.uk/media/catalog/product/cache/02e788e609df6a636d3e52bcc183ce7f/8/x/8x0.25kg.jpg", "image": "8x0.25kg.jpg"}}, {"model": "products.product", "pk": 22, "fields": {"category": 3, "sku": "STEEL-SET-FRACTIONAL-BAG", "name": "Steel Fractional Plate Package With Bag - 2x 0.5kg, 2x0.25kg, 2x0.125kg", "description": "Fractional Plate Package with storage bag, allowing you to keep plates stored together and makes plate set easier to transport.\r\n\r\nSteel Fractional Plate Package With Bag featuring\r\n\r\n2x0.125kg Steel Fractional Plates\r\n2x0.25kg Steel Fractional Plates\r\n2x0.5kg Steel Fractional Plates\r\n1x Storage bag with zip\r\n\r\nAll with 51mm hole suitable for Olympic 2\" sleeves.\r\nFractional Plate Package With Bag", "price": "44.99", "rating": "4.90", "image_url": "https://www.strengthshop.co.uk/media/catalog/product/cache/02e788e609df6a636d3e52bcc183ce7f/f/r/fractional-set.jpg", "image": "fractional-set.jpg"}}, {"model": "products.product", "pk": 23, "fields": {"category": 3, "sku": "TECH-PLATE-5KG", "name": "Strength Shop Olympic 5kg Technique Plate", "description": "Strength Shop Olympic 5kg full sized technique plate . (price is for one plate, not a pair)\r\n\r\nIdeal for beginners, and anyone wanting to train with full sized plates at lighter weights. Great for beginners to really drill in their technique and can be a useful tool if you are rehabbing an injury you can use these plates meaning lighter load but still from the proper height.\r\n\r\nSpecifications:\r\n\r\nHeight - 450mm (same as a full size competition bumper plate)\r\nWidth - 100mm\r\n50mm Centre Hole Diameter suitable for standard olympic barbells\r\nConstructed from a high-density polyethylene plastic", "price": "89.99", "rating": "4.00", "image_url": "https://www.strengthshop.co.uk/media/catalog/product/cache/02e788e609df6a636d3e52bcc183ce7f/t/e/technical_5_shop_1_1.jpg", "image": "technical_5_shop_1_1.jpg"}}, {"model": "products.product", "pk": 24, "fields": {"category": 3, "sku": "RIOT-CASTIRON", "name": "Strength Shop Riot Cast Iron Plates 1.25kg - 25kg", "description": "Full set of Riot cast iron Olympic plates. Hole diameter 50.4mm. Robust and durable.", "price": "549.99", "rating": "4.00", "image_url": "https://www.strengthshop.co.uk/media/catalog/product/cache/02e788e609df6a636d3e52bcc183ce7f/1/5/150-set-flat_6.jpg", "image": "150-set-flat_6.jpg"}}, {"model": "checkout.order", "pk": 6, "fields": {"user_profile": null, "order_number": "8E851D46A66242EEB4FE66F8B1F017EA", "full_name": "Josh Hunt", "email": "joshhunt_1991@hotmail.co.uk", "phone_number": "07534574539", "country": "United Kingdom", "postcode": "GL51 0PY", "town_or_city": "Cheltenham", "street_address1": "1 Watermoor Close", "street_address2": null, "county": "Glos", "date": "2021-05-09T20:31:21.489Z", "delivery_cost": "15.00", "order_total": "149.99", "grand_total": "164.99", "original_bag": "", "stripe_pid": ""}}, {"model": "checkout.order", "pk": 7, "fields": {"user_profile": null, "order_number": "C8A4729FE9C3417F9143A55375924862", "full_name": "Josh Hunt", "email": "joshhunt_1991@hotmail.co.uk", "phone_number": "07534574539", "country": "United Kingdom", "postcode": "GL51 0PY", "town_or_city": "Cheltenham", "street_address1": "1 Watermoor Close", "street_address2": null, "county": "Glos", "date": "2021-05-11T18:05:20.633Z", "delivery_cost": "58.99", "order_total": "589.91", "grand_total": "648.90", "original_bag": "", "stripe_pid": ""}}, {"model": "checkout.order", "pk": 8, "fields": {"user_profile": null, "order_number": "8A1A1A5A074D44F9895A262979F9B299", "full_name": "Josh Hunt", "email": "joshhunt_1991@hotmail.co.uk", "phone_number": "07534574539", "country": "United Kingdom", "postcode": "GL51 0PY", "town_or_city": "Cheltenham", "street_address1": "1 Watermoor Close", "street_address2": null, "county": "Glos", "date": "2021-05-11T18:10:36.150Z", "delivery_cost": "15.00", "order_total": "149.99", "grand_total": "164.99", "original_bag": "", "stripe_pid": ""}}, {"model": "checkout.order", "pk": 9, "fields": {"user_profile": null, "order_number": "F54401FE71A24FA1AFD6879410C67C9C", "full_name": "Josh Hunt", "email": "joshhunt_1991@hotmail.co.uk", "phone_number": "07534574539", "country": "United Kingdom", "postcode": "GL51 0PY", "town_or_city": "Cheltenham", "street_address1": "1 Watermoor Close", "street_address2": null, "county": "Glos", "date": "2021-05-11T18:17:35.480Z", "delivery_cost": "13.00", "order_total": "129.99", "grand_total": "142.99", "original_bag": "", "stripe_pid": ""}}, {"model": "checkout.order", "pk": 10, "fields": {"user_profile": null, "order_number": "12DD6DF46C9D458AB344AE11D777993B", "full_name": "Josh Hunt", "email": "joshhunt_1991@hotmail.co.uk", "phone_number": "07534574539", "country": "United Kingdom", "postcode": "GL51 0PY", "town_or_city": "Cheltenham", "street_address1": "1 Watermoor Close", "street_address2": null, "county": "Glos", "date": "2021-05-11T18:20:46.988Z", "delivery_cost": "45.00", "order_total": "450.00", "grand_total": "495.00", "original_bag": "", "stripe_pid": ""}}, {"model": "checkout.order", "pk": 11, "fields": {"user_profile": null, "order_number": "EF54CA1F65F34BBF8F40D8E159088844", "full_name": "Josh Hunt", "email": "joshhunt_1991@hotmail.co.uk", "phone_number": "07534574539", "country": "United Kingdom", "postcode": "GL51 0PY", "town_or_city": "Cheltenham", "street_address1": "1 Watermoor Close", "street_address2": null, "county": "Glos", "date": "2021-05-11T18:24:16.899Z", "delivery_cost": "7.00", "order_total": "69.99", "grand_total": "76.99", "original_bag": "", "stripe_pid": ""}}, {"model": "checkout.order", "pk": 12, "fields": {"user_profile": null, "order_number": "AAEC2B6CE5BD45A8985C51F22E338E30", "full_name": "Josh Hunt", "email": "joshhunt_1991@hotmail.co.uk", "phone_number": "07534574539", "country": "United Kingdom", "postcode": "GL51 0PY", "town_or_city": "Cheltenham", "street_address1": "1 Watermoor Close", "street_address2": null, "county": "Glos", "date": "2021-05-11T18:25:22.846Z", "delivery_cost": "6.00", "order_total": "59.99", "grand_total": "65.99", "original_bag": "", "stripe_pid": ""}}, {"model": "checkout.order", "pk": 13, "fields": {"user_profile": null, "order_number": "65EAE3D8D5134DF59B79863A8952C3A5", "full_name": "Josh Hunt", "email": "joshhunt_1991@hotmail.co.uk", "phone_number": "07534574539", "country": "United Kingdom", "postcode": "GL51 0PY", "town_or_city": "Cheltenham", "street_address1": "1 Watermoor Close", "street_address2": null, "county": "Glos", "date": "2021-05-11T18:27:33.412Z", "delivery_cost": "15.00", "order_total": "149.99", "grand_total": "164.99", "original_bag": "", "stripe_pid": ""}}, {"model": "checkout.order", "pk": 14, "fields": {"user_profile": null, "order_number": "D9F398C0C5F5474FBBDF778407BC415A", "full_name": "Josh Hunt", "email": "joshhunt_1991@hotmail.co.uk", "phone_number": "07534574539", "country": "United Kingdom", "postcode": "GL51 0PY", "town_or_city": "Cheltenham", "street_address1": "1 Watermoor Close", "street_address2": null, "county": "Glos", "date": "2021-05-11T18:29:20.515Z", "delivery_cost": "7.00", "order_total": "69.99", "grand_total": "76.99", "original_bag": "", "stripe_pid": ""}}, {"model": "checkout.order", "pk": 15, "fields": {"user_profile": null, "order_number": "47A5E6D0395C4A48B513F4787A67E52C", "full_name": "Josh Hunt", "email": "joshhunt_1991@hotmail.co.uk", "phone_number": "07534574539", "country": "United Kingdom", "postcode": "GL51 0PY", "town_or_city": "Cheltenham", "street_address1": "1 Watermoor Close", "street_address2": null, "county": "Glos", "date": "2021-05-11T18:30:50.629Z", "delivery_cost": "15.00", "order_total": "149.99", "grand_total": "164.99", "original_bag": "", "stripe_pid": ""}}, {"model": "checkout.order", "pk": 16, "fields": {"user_profile": null, "order_number": "D8D53D7A680142D4B4D813C080CC8148", "full_name": "Josh Hunt", "email": "joshhunt_1991@hotmail.co.uk", "phone_number": "07534574539", "country": "United Kingdom", "postcode": "GL51 0PY", "town_or_city": "Cheltenham", "street_address1": "1 Watermoor Close", "street_address2": null, "county": "Glos", "date": "2021-05-11T18:34:58.744Z", "delivery_cost": "45.00", "order_total": "450.00", "grand_total": "495.00", "original_bag": "", "stripe_pid": ""}}, {"model": "checkout.order", "pk": 17, "fields": {"user_profile": null, "order_number": "C6AF55852ED24E20BEF830845D76467A", "full_name": "Josh Hunt", "email": "joshhunt_1991@hotmail.co.uk", "phone_number": "07534574539", "country": "United Kingdom", "postcode": "GL51 0PY", "town_or_city": "Cheltenham", "street_address1": "1 Watermoor Close", "street_address2": null, "county": "Glos", "date": "2021-05-11T18:37:10.163Z", "delivery_cost": "7.00", "order_total": "69.99", "grand_total": "76.99", "original_bag": "", "stripe_pid": ""}}, {"model": "checkout.order", "pk": 18, "fields": {"user_profile": null, "order_number": "7F330066ADFE4507B72F6B3FE5AB2076", "full_name": "Josh Hunt", "email": "joshhunt_1991@hotmail.co.uk", "phone_number": "07534574539", "country": "United Kingdom", "postcode": "GL51 0PY", "town_or_city": "Cheltenham", "street_address1": "1 Watermoor Close", "street_address2": null, "county": "Glos", "date": "2021-05-12T19:37:12.890Z", "delivery_cost": "7.00", "order_total": "69.99", "grand_total": "76.99", "original_bag": "", "stripe_pid": ""}}, {"model": "checkout.order", "pk": 19, "fields": {"user_profile": null, "order_number": "6CDA941138A74131BBEB104D72BCE38D", "full_name": "Josh Hunt", "email": "joshhunt_1991@hotmail.co.uk", "phone_number": "07534574539", "country": "United Kingdom", "postcode": "GL51 0PY", "town_or_city": "Cheltenham", "street_address1": "1 Watermoor Close", "street_address2": null, "county": "Glos", "date": "2021-05-12T20:22:26.800Z", "delivery_cost": "16.00", "order_total": "159.99", "grand_total": "175.99", "original_bag": "", "stripe_pid": ""}}, {"model": "checkout.order", "pk": 20, "fields": {"user_profile": null, "order_number": "1FA53F1C61B1462390CB59EDC800E578", "full_name": "Josh Hunt", "email": "joshhunt_1991@hotmail.co.uk", "phone_number": "07534574539", "country": "United Kingdom", "postcode": "GL51 0PY", "town_or_city": "Cheltenham", "street_address1": "1 Watermoor Close", "street_address2": null, "county": "Glos", "date": "2021-05-12T20:24:28.146Z", "delivery_cost": "6.00", "order_total": "59.99", "grand_total": "65.99", "original_bag": "", "stripe_pid": ""}}, {"model": "checkout.order", "pk": 21, "fields": {"user_profile": null, "order_number": "A3F0DADE306D4C20B3AA97A4F6C52183", "full_name": "Josh Hunt", "email": "joshhunt_1991@hotmail.co.uk", "phone_number": "07534574539", "country": "United Kingdom", "postcode": "GL51 0PY", "town_or_city": "Cheltenham", "street_address1": "1 Watermoor Close", "street_address2": null, "county": "Glos", "date": "2021-05-12T20:27:29.909Z", "delivery_cost": "209.99", "order_total": "2099.88", "grand_total": "2309.87", "original_bag": "", "stripe_pid": ""}}, {"model": "checkout.order", "pk": 22, "fields": {"user_profile": null, "order_number": "CE2F4AB5B1FA4BE3A449BFE9E6997194", "full_name": "Josh Hunt", "email": "joshhunt_1991@hotmail.co.uk", "phone_number": "07534574539", "country": "United Kingdom", "postcode": "GL51 0PY", "town_or_city": "Cheltenham", "street_address1": "1 Watermoor Close", "street_address2": null, "county": "Glos", "date": "2021-05-12T20:28:14.782Z", "delivery_cost": "13.00", "order_total": "129.99", "grand_total": "142.99", "original_bag": "", "stripe_pid": ""}}, {"model": "checkout.order", "pk": 23, "fields": {"user_profile": null, "order_number": "E26F18B9F2EB417488A4206E62F3A403", "full_name": "Josh Hunt", "email": "joshhunt_1991@hotmail.co.uk", "phone_number": "07534574539", "country": "GB", "postcode": "GL51 0PY", "town_or_city": "Cheltenham", "street_address1": "1 Watermoor Close", "street_address2": null, "county": "Glos", "date": "2021-05-13T19:25:56.952Z", "delivery_cost": "6.00", "order_total": "59.99", "grand_total": "65.99", "original_bag": "", "stripe_pid": ""}}, {"model": "checkout.order", "pk": 24, "fields": {"user_profile": null, "order_number": "6049487EC21340008939175DB5907C67", "full_name": "Josh Hunt", "email": "joshhunt_1991@hotmail.co.uk", "phone_number": "07534574539", "country": "GB", "postcode": "GL51 0PY", "town_or_city": "Cheltenham", "street_address1": "1 Watermoor Close", "street_address2": null, "county": "Glos", "date": "2021-05-13T19:30:37.086Z", "delivery_cost": "30.00", "order_total": "299.98", "grand_total": "329.98", "original_bag": "", "stripe_pid": ""}}, {"model": "checkout.order", "pk": 25, "fields": {"user_profile": null, "order_number": "0767209C029B41A4B252AA23C02033B8", "full_name": "Josh Hunt", "email": "joshhunt_1991@hotmail.co.uk", "phone_number": "07534574539", "country": "GB", "postcode": "GL51 0PY", "town_or_city": "Cheltenham", "street_address1": "1 Watermoor Close", "street_address2": null, "county": "Glos", "date": "2021-05-13T19:31:39.972Z", "delivery_cost": "13.00", "order_total": "129.99", "grand_total": "142.99", "original_bag": "", "stripe_pid": ""}}, {"model": "checkout.order", "pk": 26, "fields": {"user_profile": null, "order_number": "A9656595695C4188939A1E4E6BB90912", "full_name": "Josh Hunt", "email": "joshhunt_1991@hotmail.co.uk", "phone_number": "07534574539", "country": "GB", "postcode": "GL51 0PY", "town_or_city": "Cheltenham", "street_address1": "1 Watermoor Close", "street_address2": null, "county": "Glos", "date": "2021-05-13T19:34:18.305Z", "delivery_cost": "15.00", "order_total": "149.99", "grand_total": "164.99", "original_bag": "", "stripe_pid": ""}}, {"model": "checkout.order", "pk": 27, "fields": {"user_profile": null, "order_number": "CBF5F69A452E44E0BE6ACCB06E1B0651", "full_name": "Josh Hunt", "email": "joshhunt_1991@hotmail.co.uk", "phone_number": "07534574539", "country": "GB", "postcode": "GL51 0PY", "town_or_city": "Cheltenham", "street_address1": "1 Watermoor Close", "street_address2": null, "county": "Glos", "date": "2021-05-13T19:40:28.886Z", "delivery_cost": "13.00", "order_total": "129.99", "grand_total": "142.99", "original_bag": "", "stripe_pid": ""}}, {"model": "checkout.order", "pk": 28, "fields": {"user_profile": null, "order_number": "11952D9181B94FC5B3760F4037AC60E7", "full_name": "Josh Hunt", "email": "joshhunt_1991@hotmail.co.uk", "phone_number": "07534574539", "country": "GB", "postcode": "GL51 0PY", "town_or_city": "Cheltenham", "street_address1": "1 Watermoor Close", "street_address2": null, "county": "Glos", "date": "2021-05-13T19:40:34.716Z", "delivery_cost": "13.00", "order_total": "129.99", "grand_total": "142.99", "original_bag": "{\"4\": 1}", "stripe_pid": "pi_1IqkNsAXeR7kMTtwtQT7b48t"}}, {"model": "checkout.order", "pk": 29, "fields": {"user_profile": null, "order_number": "C139BDCD102C49DD89D5324EA380E226", "full_name": "Josh Hunt", "email": "joshhunt_1991@hotmail.co.uk", "phone_number": "07534574539", "country": "GB", "postcode": "GL51 0PY", "town_or_city": "Cheltenham", "street_address1": "1 Watermoor Close", "street_address2": null, "county": "Glos", "date": "2021-05-13T19:42:07.495Z", "delivery_cost": "13.00", "order_total": "129.99", "grand_total": "142.99", "original_bag": "", "stripe_pid": ""}}, {"model": "checkout.order", "pk": 30, "fields": {"user_profile": null, "order_number": "ABAE8C79F32C480A8DEA78B8C6DE5631", "full_name": "Josh Hunt", "email": "joshhunt_1991@hotmail.co.uk", "phone_number": "07534574539", "country": "GB", "postcode": "GL51 0PY", "town_or_city": "Cheltenham", "street_address1": "1 Watermoor Close", "street_address2": null, "county": "Glos", "date": "2021-05-13T19:42:13.344Z", "delivery_cost": "13.00", "order_total": "129.99", "grand_total": "142.99", "original_bag": "{\"3\": 1}", "stripe_pid": "pi_1IqkPrAXeR7kMTtwMybIxFyt"}}, {"model": "checkout.order", "pk": 31, "fields": {"user_profile": null, "order_number": "55974D23A8604811A4855FEAE49FCF7A", "full_name": "Josh Hunt", "email": "joshhunt_1991@hotmail.co.uk", "phone_number": "07534574539", "country": "GB", "postcode": "GL51 0PY", "town_or_city": "Cheltenham", "street_address1": "1 Watermoor Close", "street_address2": null, "county": "Glos", "date": "2021-05-13T19:43:54.154Z", "delivery_cost": "13.00", "order_total": "129.99", "grand_total": "142.99", "original_bag": "", "stripe_pid": ""}}, {"model": "checkout.order", "pk": 32, "fields": {"user_profile": null, "order_number": "D3271EAD84054623A148B92F89680422", "full_name": "Josh Hunt", "email": "joshhunt_1991@hotmail.co.uk", "phone_number": "07534574539", "country": "GB", "postcode": "GL51 0PY", "town_or_city": "Cheltenham", "street_address1": "1 Watermoor Close", "street_address2": null, "county": "Glos", "date": "2021-05-13T19:43:59.921Z", "delivery_cost": "13.00", "order_total": "129.99", "grand_total": "142.99", "original_bag": "{\"3\": 1}", "stripe_pid": "pi_1IqkRZAXeR7kMTtwrfFJ3Xte"}}, {"model": "checkout.order", "pk": 33, "fields": {"user_profile": null, "order_number": "45A66B454D62474CA112E7198CB853CF", "full_name": "Josh Hunt", "email": "joshhunt_1991@hotmail.co.uk", "phone_number": "07534574539", "country": "GB", "postcode": "GL51 0PY", "town_or_city": "Cheltenham", "street_address1": "1 Watermoor Close", "street_address2": null, "county": "Glos", "date": "2021-05-13T19:48:41.081Z", "delivery_cost": "7.00", "order_total": "69.99", "grand_total": "76.99", "original_bag": "", "stripe_pid": ""}}, {"model": "checkout.order", "pk": 34, "fields": {"user_profile": null, "order_number": "ACEA26044BA84B7489E6C4C4E401F9E3", "full_name": "Josh Hunt", "email": "joshhunt_1991@hotmail.co.uk", "phone_number": "07534574539", "country": "GB", "postcode": "GL51 0PY", "town_or_city": "Cheltenham", "street_address1": "1 Watermoor Close", "street_address2": null, "county": "Glos", "date": "2021-05-13T19:48:46.872Z", "delivery_cost": "7.00", "order_total": "69.99", "grand_total": "76.99", "original_bag": "{\"17\": 1}", "stripe_pid": "pi_1IqkW6AXeR7kMTtwPXUfGhTK"}}, {"model": "checkout.order", "pk": 35, "fields": {"user_profile": null, "order_number": "9FFB058130B2464E96FC6D1799359E9C", "full_name": "Josh Hunt", "email": "joshhunt_1991@hotmail.co.uk", "phone_number": "07534574539", "country": "GB", "postcode": "GL51 0PY", "town_or_city": "Cheltenham", "street_address1": "1 Watermoor Close", "street_address2": null, "county": "Glos", "date": "2021-05-13T19:55:37.400Z", "delivery_cost": "15.00", "order_total": "149.99", "grand_total": "164.99", "original_bag": "", "stripe_pid": ""}}, {"model": "checkout.order", "pk": 36, "fields": {"user_profile": null, "order_number": "D630D01A33684315A8D328AEB74739E5", "full_name": "Josh Hunt", "email": "joshhunt_1991@hotmail.co.uk", "phone_number": "07534574539", "country": "GB", "postcode": "GL51 0PY", "town_or_city": "Cheltenham", "street_address1": "1 Watermoor Close", "street_address2": null, "county": "Glos", "date": "2021-05-13T19:55:43.324Z", "delivery_cost": "15.00", "order_total": "149.99", "grand_total": "164.99", "original_bag": "{\"2\": 1}", "stripe_pid": "pi_1IqkcoAXeR7kMTtwsqn2t2my"}}, {"model": "checkout.order", "pk": 37, "fields": {"user_profile": null, "order_number": "F2C856C2219A42C08B00619E8E0851ED", "full_name": "Josh Hunt", "email": "joshhunt_1991@hotmail.co.uk", "phone_number": "07534574539", "country": "GB", "postcode": "GL51 0PY", "town_or_city": "Cheltenham", "street_address1": "1 Watermoor Close", "street_address2": null, "county": "Glos", "date": "2021-05-13T19:57:00.063Z", "delivery_cost": "15.00", "order_total": "149.99", "grand_total": "164.99", "original_bag": "{\"2\": 1}", "stripe_pid": "pi_1IqjhGAXeR7kMTtw5Fd75rDF"}}, {"model": "checkout.order", "pk": 38, "fields": {"user_profile": null, "order_number": "5F38857DD6974B8796D4161C6176AADD", "full_name": "Josh Hunt", "email": "joshhunt_1991@hotmail.co.uk", "phone_number": "07534574539", "country": "GB", "postcode": "GL51 0PY", "town_or_city": "Cheltenham", "street_address1": "1 Watermoor Close", "street_address2": null, "county": "Glos", "date": "2021-05-13T19:59:07.226Z", "delivery_cost": "15.00", "order_total": "149.99", "grand_total": "164.99", "original_bag": "{\"2\": 1}", "stripe_pid": "pi_1IqjkVAXeR7kMTtwYQYzjkF4"}}, {"model": "checkout.order", "pk": 39, "fields": {"user_profile": null, "order_number": "7457977BD47F48E2B5F585C1000688B3", "full_name": "Josh Hunt", "email": "joshhunt_1991@hotmail.co.uk", "phone_number": "07534574539", "country": "GB", "postcode": "GL51 0PY", "town_or_city": "Cheltenham", "street_address1": "1 Watermoor Close", "street_address2": null, "county": "Glos", "date": "2021-05-13T19:59:26.288Z", "delivery_cost": "13.00", "order_total": "129.99", "grand_total": "142.99", "original_bag": "", "stripe_pid": ""}}, {"model": "checkout.order", "pk": 40, "fields": {"user_profile": null, "order_number": "2CD22DAD5150430782A235385DCA302B", "full_name": "Josh Hunt", "email": "joshhunt_1991@hotmail.co.uk", "phone_number": "07534574539", "country": "GB", "postcode": "GL51 0PY", "town_or_city": "Cheltenham", "street_address1": "1 Watermoor Close", "street_address2": null, "county": "Glos", "date": "2021-05-13T19:59:32.558Z", "delivery_cost": "13.00", "order_total": "129.99", "grand_total": "142.99", "original_bag": "{\"3\": 1}", "stripe_pid": "pi_1IqkgYAXeR7kMTtwSB5C3emQ"}}, {"model": "checkout.order", "pk": 41, "fields": {"user_profile": null, "order_number": "D066C025AC394A90A06778CC42C3D5C8", "full_name": "Josh Hunt", "email": "joshhunt_1991@hotmail.co.uk", "phone_number": "07534574539", "country": "GB", "postcode": "GL51 0PY", "town_or_city": "Cheltenham", "street_address1": "1 Watermoor Close", "street_address2": null, "county": "Glos", "date": "2021-05-13T20:06:16.223Z", "delivery_cost": "15.00", "order_total": "149.99", "grand_total": "164.99", "original_bag": "{\"2\": 1}", "stripe_pid": "pi_1IqjrkAXeR7kMTtwXrGlOAHp"}}, {"model": "checkout.order", "pk": 42, "fields": {"user_profile": null, "order_number": "FE6D1AE66FD348958711DBDE9EB43C91", "full_name": "Josh Hunt", "email": "joshhunt_1991@hotmail.co.uk", "phone_number": "07534574539", "country": "GB", "postcode": "GL51 0PY", "town_or_city": "Cheltenham", "street_address1": "1 Watermoor Close", "street_address2": null, "county": "Glos", "date": "2021-05-13T20:30:16.486Z", "delivery_cost": "30.00", "order_total": "299.98", "grand_total": "329.98", "original_bag": "{\"2\": 2}", "stripe_pid": "pi_1IqkEiAXeR7kMTtw5xVEZdrd"}}, {"model": "checkout.order", "pk": 43, "fields": {"user_profile": null, "order_number": "72C8216335934917AE5569CAF53AD098", "full_name": "Josh Hunt", "email": "joshhunt_1991@hotmail.co.uk", "phone_number": "07534574539", "country": "GB", "postcode": "GL51 0PY", "town_or_city": "Cheltenham", "street_address1": "1 Watermoor Close", "street_address2": null, "county": "Glos", "date": "2021-05-13T20:31:18.339Z", "delivery_cost": "13.00", "order_total": "129.99", "grand_total": "142.99", "original_bag": "{\"3\": 1}", "stripe_pid": "pi_1IqkFhAXeR7kMTtwvT2HYNAr"}}, {"model": "checkout.order", "pk": 44, "fields": {"user_profile": null, "order_number": "645A00D0BF1848E6AB51F242CC749FD5", "full_name": "Josh Hunt", "email": "joshhunt_1991@hotmail.co.uk", "phone_number": "07534574539", "country": "GB", "postcode": "GL51 0PY", "town_or_city": "Cheltenham", "street_address1": "1 Watermoor Close", "street_address2": null, "county": "Glos", "date": "2021-05-13T20:33:35.085Z", "delivery_cost": "15.00", "order_total": "149.99", "grand_total": "164.99", "original_bag": "{\"2\": 1}", "stripe_pid": "pi_1IqkHkAXeR7kMTtwaNlZI0tC"}}, {"model": "checkout.order", "pk": 45, "fields": {"user_profile": null, "order_number": "9E69A1B566524C2BBB2DC67DE130577A", "full_name": "Josh Hunt", "email": "joshhunt_1991@hotmail.co.uk", "phone_number": "07534574539", "country": "GB", "postcode": "GL51 0PY", "town_or_city": "Cheltenham", "street_address1": "1 Watermoor Close", "street_address2": null, "county": "Glos", "date": "2021-05-14T14:25:20.486Z", "delivery_cost": "15.00", "order_total": "149.99", "grand_total": "164.99", "original_bag": "{\"2\": 1}", "stripe_pid": "pi_1Ir1wgAXeR7kMTtwRikjQ0iP"}}, {"model": "checkout.order", "pk": 46, "fields": {"user_profile": null, "order_number": "31762C17BDBC48EC864D273B12EDE84F", "full_name": "Josh Hunt", "email": "joshhunt_1991@hotmail.co.uk", "phone_number": "07534574539", "country": "GB", "postcode": "GL51 0PY", "town_or_city": "Cheltenham", "street_address1": "1 Watermoor Close", "street_address2": null, "county": "Glos", "date": "2021-05-14T14:26:20.770Z", "delivery_cost": "15.00", "order_total": "149.99", "grand_total": "164.99", "original_bag": "{\"2\": 1}", "stripe_pid": "pi_1Ir1xiAXeR7kMTtwihWZbX2e"}}, {"model": "checkout.order", "pk": 47, "fields": {"user_profile": null, "order_number": "9C09F842837941B294234FDB81A5C04A", "full_name": "Josh Hunt", "email": "joshhunt_1991@hotmail.co.uk", "phone_number": "07534574539", "country": "GB", "postcode": "GL51 0PY", "town_or_city": "Cheltenham", "street_address1": "1 Watermoor Close", "street_address2": null, "county": "Glos", "date": "2021-05-14T14:27:26.110Z", "delivery_cost": "15.00", "order_total": "149.99", "grand_total": "164.99", "original_bag": "", "stripe_pid": ""}}, {"model": "checkout.order", "pk": 48, "fields": {"user_profile": null, "order_number": "4DE1B21779E541E3AB1B644C2B111C58", "full_name": "Josh Hunt", "email": "joshhunt_1991@hotmail.co.uk", "phone_number": "07534574539", "country": "GB", "postcode": "GL51 0PY", "town_or_city": "Cheltenham", "street_address1": "1 Watermoor Close", "street_address2": null, "county": "Glos", "date": "2021-05-14T14:27:32.218Z", "delivery_cost": "15.00", "order_total": "149.99", "grand_total": "164.99", "original_bag": "{\"2\": 1}", "stripe_pid": "pi_1Ir1yqAXeR7kMTtwlTXCvubC"}}, {"model": "checkout.order", "pk": 49, "fields": {"user_profile": null, "order_number": "702264363C3E4501A5170B1C3CDE0A58", "full_name": "Josh Hunt", "email": "joshhunt_1991@hotmail.co.uk", "phone_number": "07534574539", "country": "GB", "postcode": "GL51 0PY", "town_or_city": "Cheltenham", "street_address1": "1 Watermoor Close", "street_address2": null, "county": "Glos", "date": "2021-05-14T14:55:32.211Z", "delivery_cost": "13.00", "order_total": "129.99", "grand_total": "142.99", "original_bag": "", "stripe_pid": ""}}, {"model": "checkout.order", "pk": 50, "fields": {"user_profile": null, "order_number": "67577576009D4FC693F08B3D86FFE8AE", "full_name": "Josh Hunt", "email": "joshhunt_1991@hotmail.co.uk", "phone_number": "07534574539", "country": "GB", "postcode": "GL51 0PY", "town_or_city": "Cheltenham", "street_address1": "1 Watermoor Close", "street_address2": null, "county": "Glos", "date": "2021-05-14T14:55:38.630Z", "delivery_cost": "13.00", "order_total": "129.99", "grand_total": "142.99", "original_bag": "{\"11\": 1}", "stripe_pid": "pi_1Ir2Q4AXeR7kMTtwVVs0Pn48"}}, {"model": "checkout.order", "pk": 51, "fields": {"user_profile": null, "order_number": "6160BD2A032A49C5A9A0B3B8FF03062C", "full_name": "Josh Hunt", "email": "joshhunt_1991@hotmail.co.uk", "phone_number": "07534574539", "country": "GB", "postcode": "GL51 0PY", "town_or_city": "Cheltenham", "street_address1": "1 Watermoor Close", "street_address2": null, "county": "Glos", "date": "2021-05-14T19:20:16.747Z", "delivery_cost": "109.99", "order_total": "1099.91", "grand_total": "1209.90", "original_bag": "", "stripe_pid": ""}}, {"model": "checkout.order", "pk": 52, "fields": {"user_profile": null, "order_number": "DBCF75A3D29949B0A582144488077C3A", "full_name": "Josh Hunt", "email": "joshhunt_1991@hotmail.co.uk", "phone_number": "07534574539", "country": "GB", "postcode": "GL51 0PY", "town_or_city": "Cheltenham", "street_address1": "1 Watermoor Close", "street_address2": null, "county": "Glos", "date": "2021-05-14T19:20:23.301Z", "delivery_cost": "109.99", "order_total": "1099.91", "grand_total": "1209.90", "original_bag": "{\"11\": 8, \"13\": 1}", "stripe_pid": "pi_1Ir6XvAXeR7kMTtwfQX019zN"}}, {"model": "checkout.order", "pk": 53, "fields": {"user_profile": null, "order_number": "5FB785D98D514D07B4D1965F10E8207F", "full_name": "Josh Hunt", "email": "joshhunt_1991@hotmail.co.uk", "phone_number": "07534574539", "country": "GB", "postcode": "GL51 0PY", "town_or_city": "Cheltenham", "street_address1": "1 Watermoor Close", "street_address2": null, "county": "Glos", "date": "2021-05-16T10:10:28.000Z", "delivery_cost": "6.00", "order_total": "59.99", "grand_total": "65.99", "original_bag": "", "stripe_pid": ""}}, {"model": "checkout.order", "pk": 54, "fields": {"user_profile": null, "order_number": "3729396DBBE94EA2A417FDB2F91F7E28", "full_name": "Josh Hunt", "email": "joshhunt_1991@hotmail.co.uk", "phone_number": "07534574539", "country": "GB", "postcode": "GL51 0PY", "town_or_city": "Cheltenham", "street_address1": "1 Watermoor Close", "street_address2": null, "county": "Glos", "date": "2021-05-16T10:10:33.757Z", "delivery_cost": "6.00", "order_total": "59.99", "grand_total": "65.99", "original_bag": "{\"12\": 1}", "stripe_pid": "pi_1IrgvHAXeR7kMTtw2MKwl6Md"}}, {"model": "checkout.order", "pk": 55, "fields": {"user_profile": 3, "order_number": "4C9F03BBF2634A8F903FFBECBE36BC72", "full_name": "Josh Hunt", "email": "joshhunt_1991@hotmail.co.uk", "phone_number": "07534574539", "country": "GB", "postcode": "GL51 0PY", "town_or_city": "Cheltenham", "street_address1": "1 Watermoor Close", "street_address2": null, "county": "Glos", "date": "2021-05-16T10:37:49.207Z", "delivery_cost": "13.00", "order_total": "129.99", "grand_total": "142.99", "original_bag": "", "stripe_pid": ""}}, {"model": "checkout.order", "pk": 56, "fields": {"user_profile": null, "order_number": "888CBA0710944B48BE23D90EFD77566D", "full_name": "Josh Hunt", "email": "joshhunt_1991@hotmail.co.uk", "phone_number": "07534574539", "country": "GB", "postcode": "GL51 0PY", "town_or_city": "Cheltenham", "street_address1": "1 Watermoor Close", "street_address2": null, "county": "Glos", "date": "2021-05-16T10:37:54.997Z", "delivery_cost": "13.00", "order_total": "129.99", "grand_total": "142.99", "original_bag": "{\"11\": 1}", "stripe_pid": "pi_1IrhLlAXeR7kMTtwTutplyyf"}}, {"model": "checkout.order", "pk": 57, "fields": {"user_profile": 2, "order_number": "FBB571CD898349ECAB0DBEC7D97728EC", "full_name": "Josh Hunt", "email": "joshhunt_1991@hotmail.co.uk", "phone_number": "07534574539", "country": "GB", "postcode": "GL51 0PY", "town_or_city": "Cheltenham", "street_address1": "1 Watermoor Close", "street_address2": null, "county": "Glos", "date": "2021-05-16T10:57:51.733Z", "delivery_cost": "7.00", "order_total": "69.99", "grand_total": "76.99", "original_bag": "", "stripe_pid": ""}}, {"model": "checkout.order", "pk": 58, "fields": {"user_profile": null, "order_number": "C20BC389787245169A52B4D4516A2689", "full_name": "Josh Hunt", "email": "joshhunt_1991@hotmail.co.uk", "phone_number": "07534574539", "country": "GB", "postcode": "GL51 0PY", "town_or_city": "Cheltenham", "street_address1": "1 Watermoor Close", "street_address2": null, "county": "Glos", "date": "2021-05-16T10:57:57.391Z", "delivery_cost": "7.00", "order_total": "69.99", "grand_total": "76.99", "original_bag": "{\"17\": 1}", "stripe_pid": "pi_1IrhSoAXeR7kMTtwQ5VHHSq5"}}, {"model": "checkout.order", "pk": 59, "fields": {"user_profile": null, "order_number": "05A4F8A2D8354204A695F9A4705471B2", "full_name": "Josh Hunt", "email": "joshhunt_1991@hotmail.co.uk", "phone_number": "07534574539", "country": "GB", "postcode": "GL51 0PY", "town_or_city": "Cheltenham", "street_address1": "1 Watermoor Close", "street_address2": null, "county": "Glos", "date": "2021-05-16T11:04:23.003Z", "delivery_cost": "13.00", "order_total": "129.99", "grand_total": "142.99", "original_bag": "{\"11\": 1}", "stripe_pid": "pi_1IrhlLAXeR7kMTtwAKHubvRQ"}}, {"model": "checkout.order", "pk": 60, "fields": {"user_profile": 2, "order_number": "5B38812FB8614508A155397EFA806EA6", "full_name": "Josh Hunt", "email": "joshhunt_1991@hotmail.co.uk", "phone_number": "07534574539", "country": "GB", "postcode": "GL51 0PY", "town_or_city": "Cheltenham", "street_address1": "1 Watermoor Close", "street_address2": null, "county": "Glos", "date": "2021-05-16T11:06:17.303Z", "delivery_cost": "13.00", "order_total": "129.99", "grand_total": "142.99", "original_bag": "", "stripe_pid": ""}}, {"model": "checkout.order", "pk": 61, "fields": {"user_profile": null, "order_number": "48B06177643A41ABBEDA438C5687FABB", "full_name": "Josh Hunt", "email": "joshhunt_1991@hotmail.co.uk", "phone_number": "07534574539", "country": "GB", "postcode": "GL51 0PY", "town_or_city": "Cheltenham", "street_address1": "1 Watermoor Close", "street_address2": null, "county": "Glos", "date": "2021-05-16T11:06:22.940Z", "delivery_cost": "13.00", "order_total": "129.99", "grand_total": "142.99", "original_bag": "{\"11\": 1}", "stripe_pid": "pi_1IrhnAAXeR7kMTtwRCYPnLG9"}}, {"model": "checkout.order", "pk": 62, "fields": {"user_profile": 2, "order_number": "84BB7DAE918F454C9A925DD1825E28EE", "full_name": "Josh Hunt", "email": "joshhunt_1991@hotmail.co.uk", "phone_number": "07534574539", "country": "GB", "postcode": "GL51 0PY", "town_or_city": "Cheltenham", "street_address1": "1 Watermoor Close", "street_address2": null, "county": "Glos", "date": "2021-05-17T18:56:19.667Z", "delivery_cost": "7.00", "order_total": "69.99", "grand_total": "76.99", "original_bag": "", "stripe_pid": ""}}, {"model": "checkout.order", "pk": 63, "fields": {"user_profile": null, "order_number": "28D78EDC257142F1AA6B991C4D9B3424", "full_name": "Josh Hunt", "email": "joshhunt_1991@hotmail.co.uk", "phone_number": "07534574539", "country": "GB", "postcode": "GL51 0PY", "town_or_city": "Cheltenham", "street_address1": "1 Watermoor Close", "street_address2": null, "county": "Glos", "date": "2021-05-17T18:56:26.316Z", "delivery_cost": "7.00", "order_total": "69.99", "grand_total": "76.99", "original_bag": "{\"17\": 1}", "stripe_pid": "pi_1IsBbgAXeR7kMTtwxUfTUeed"}}, {"model": "checkout.order", "pk": 64, "fields": {"user_profile": 2, "order_number": "CAD50B6EDFBF40DBBA1C6F2F04171DCB", "full_name": "Josh Hunt", "email": "joshhunt_1991@hotmail.co.uk", "phone_number": "07534574539", "country": "GB", "postcode": "GL51 0PY", "town_or_city": "Cheltenham", "street_address1": "1 Watermoor Close", "street_address2": null, "county": "Glos", "date": "2021-05-17T19:21:52.756Z", "delivery_cost": "7.00", "order_total": "69.99", "grand_total": "76.99", "original_bag": "", "stripe_pid": ""}}, {"model": "checkout.order", "pk": 65, "fields": {"user_profile": null, "order_number": "98DEB44D4D1A45FE950F706E62971958", "full_name": "Josh Hunt", "email": "joshhunt_1991@hotmail.co.uk", "phone_number": "07534574539", "country": "GB", "postcode": "GL51 0PY", "town_or_city": "Cheltenham", "street_address1": "1 Watermoor Close", "street_address2": null, "county": "Glos", "date": "2021-05-17T19:21:58.561Z", "delivery_cost": "7.00", "order_total": "69.99", "grand_total": "76.99", "original_bag": "{\"17\": 1}", "stripe_pid": "pi_1IsC0VAXeR7kMTtwn2Gad2j2"}}, {"model": "checkout.order", "pk": 66, "fields": {"user_profile": 2, "order_number": "6B34D4CD82D045559AECDF7F52AB13DA", "full_name": "Josh Hunt", "email": "joshhunt_1991@hotmail.co.uk", "phone_number": "07534574539", "country": "GB", "postcode": "GL51 0PY", "town_or_city": "Cheltenham", "street_address1": "1 Watermoor Close", "street_address2": null, "county": "Glos", "date": "2021-05-17T19:22:56.928Z", "delivery_cost": "7.00", "order_total": "69.99", "grand_total": "76.99", "original_bag": "", "stripe_pid": ""}}, {"model": "checkout.order", "pk": 67, "fields": {"user_profile": null, "order_number": "0683FE20B7B74C51B0326B5B8CE63516", "full_name": "Josh Hunt", "email": "joshhunt_1991@hotmail.co.uk", "phone_number": "07534574539", "country": "GB", "postcode": "GL51 0PY", "town_or_city": "Cheltenham", "street_address1": "1 Watermoor Close", "street_address2": null, "county": "Glos", "date": "2021-05-17T19:23:02.699Z", "delivery_cost": "7.00", "order_total": "69.99", "grand_total": "76.99", "original_bag": "{\"17\": 1}", "stripe_pid": "pi_1IsC1VAXeR7kMTtw7Uth6AEm"}}, {"model": "checkout.order", "pk": 68, "fields": {"user_profile": null, "order_number": "2C3CCBC51D9546A09A7156E2CD0F0144", "full_name": "Josh Hunt", "email": "joshhunt_1991@hotmail.co.uk", "phone_number": "07534574539", "country": "GB", "postcode": "GL51 0PY", "town_or_city": "Cheltenham", "street_address1": "1 Watermoor Close", "street_address2": null, "county": "Glos", "date": "2021-05-17T19:53:07.966Z", "delivery_cost": "13.00", "order_total": "129.99", "grand_total": "142.99", "original_bag": "", "stripe_pid": ""}}, {"model": "checkout.order", "pk": 69, "fields": {"user_profile": null, "order_number": "85DE2FA226DC4D59B4F4C02156430F3B", "full_name": "Josh Hunt", "email": "joshhunt_1991@hotmail.co.uk", "phone_number": "07534574539", "country": "GB", "postcode": "GL51 0PY", "town_or_city": "Cheltenham", "street_address1": "1 Watermoor Close", "street_address2": null, "county": "Glos", "date": "2021-05-17T19:53:13.708Z", "delivery_cost": "13.00", "order_total": "129.99", "grand_total": "142.99", "original_bag": "{\"3\": 1}", "stripe_pid": "pi_1IsCUiAXeR7kMTtwmOAshHmW"}}, {"model": "checkout.order", "pk": 70, "fields": {"user_profile": 2, "order_number": "4DF778DF830F496099AF4800AB0364FB", "full_name": "Josh Hunt", "email": "joshhunt_1991@hotmail.co.uk", "phone_number": "07534574539", "country": "GB", "postcode": "GL51 0PY", "town_or_city": "Cheltenham", "street_address1": "1 Watermoor Close", "street_address2": null, "county": "Glos", "date": "2021-05-17T20:09:49.683Z", "delivery_cost": "7.00", "order_total": "69.99", "grand_total": "76.99", "original_bag": "", "stripe_pid": ""}}, {"model": "checkout.order", "pk": 71, "fields": {"user_profile": null, "order_number": "6654C1DEB6244C27888AAC7B27CF1953", "full_name": "Josh Hunt", "email": "joshhunt_1991@hotmail.co.uk", "phone_number": "07534574539", "country": "GB", "postcode": "GL51 0PY", "town_or_city": "Cheltenham", "street_address1": "1 Watermoor Close", "street_address2": null, "county": "Glos", "date": "2021-05-17T20:09:55.570Z", "delivery_cost": "7.00", "order_total": "69.99", "grand_total": "76.99", "original_bag": "{\"17\": 1}", "stripe_pid": "pi_1IsCkqAXeR7kMTtwa5IlZ33n"}}, {"model": "checkout.order", "pk": 72, "fields": {"user_profile": 2, "order_number": "F224C240B93A4191887523499C590A0E", "full_name": "Josh Hunt", "email": "joshhunt_1991@hotmail.co.uk", "phone_number": "07534574539", "country": "GB", "postcode": "GL51 0PY", "town_or_city": "Cheltenham", "street_address1": "1 Watermoor Close", "street_address2": null, "county": "Glos", "date": "2021-05-17T20:11:23.023Z", "delivery_cost": "15.00", "order_total": "149.99", "grand_total": "164.99", "original_bag": "", "stripe_pid": ""}}, {"model": "checkout.order", "pk": 73, "fields": {"user_profile": null, "order_number": "F4454F523BC24D959F780037A155F6B3", "full_name": "Josh Hunt", "email": "joshhunt_1991@hotmail.co.uk", "phone_number": "07534574539", "country": "GB", "postcode": "GL51 0PY", "town_or_city": "Cheltenham", "street_address1": "1 Watermoor Close", "street_address2": null, "county": "Glos", "date": "2021-05-17T20:11:28.729Z", "delivery_cost": "15.00", "order_total": "149.99", "grand_total": "164.99", "original_bag": "{\"2\": 1}", "stripe_pid": "pi_1IsCmMAXeR7kMTtwYYcRoiBz"}}, {"model": "checkout.order", "pk": 74, "fields": {"user_profile": 2, "order_number": "4CB924E0205D45D1978DC3F37D6958F2", "full_name": "Josh Hunt", "email": "joshhunt_1991@hotmail.co.uk", "phone_number": "07534574539", "country": "GB", "postcode": "GL51 0PY", "town_or_city": "Cheltenham", "street_address1": "1 Watermoor Close", "street_address2": null, "county": "Glos", "date": "2021-05-19T18:01:40.217Z", "delivery_cost": "24.00", "order_total": "239.96", "grand_total": "263.96", "original_bag": "", "stripe_pid": ""}}, {"model": "checkout.order", "pk": 75, "fields": {"user_profile": null, "order_number": "BC5A27853C314AEE87E1CC0D6616E7C9", "full_name": "Josh Hunt", "email": "joshhunt_1991@hotmail.co.uk", "phone_number": "07534574539", "country": "GB", "postcode": "GL51 0PY", "town_or_city": "Cheltenham", "street_address1": "1 Watermoor Close", "street_address2": null, "county": "Glos", "date": "2021-05-19T18:01:45.938Z", "delivery_cost": "24.00", "order_total": "239.96", "grand_total": "263.96", "original_bag": "{\"12\": 4}", "stripe_pid": "pi_1IsthtAXeR7kMTtwv2spALQt"}}, {"model": "checkout.orderlineitem", "pk": 14, "fields": {"order": 6, "product": 2, "quantity": 1, "lineitem_total": "149.99"}}, {"model": "checkout.orderlineitem", "pk": 15, "fields": {"order": 7, "product": 2, "quantity": 1, "lineitem_total": "149.99"}}, {"model": "checkout.orderlineitem", "pk": 16, "fields": {"order": 7, "product": 15, "quantity": 8, "lineitem_total": "439.92"}}, {"model": "checkout.orderlineitem", "pk": 17, "fields": {"order": 8, "product": 2, "quantity": 1, "lineitem_total": "149.99"}}, {"model": "checkout.orderlineitem", "pk": 18, "fields": {"order": 9, "product": 4, "quantity": 1, "lineitem_total": "129.99"}}, {"model": "checkout.orderlineitem", "pk": 19, "fields": {"order": 10, "product": 18, "quantity": 1, "lineitem_total": "450.00"}}, {"model": "checkout.orderlineitem", "pk": 20, "fields": {"order": 11, "product": 17, "quantity": 1, "lineitem_total": "69.99"}}, {"model": "checkout.orderlineitem", "pk": 21, "fields": {"order": 12, "product": 12, "quantity": 1, "lineitem_total": "59.99"}}, {"model": "checkout.orderlineitem", "pk": 22, "fields": {"order": 13, "product": 2, "quantity": 1, "lineitem_total": "149.99"}}, {"model": "checkout.orderlineitem", "pk": 23, "fields": {"order": 14, "product": 17, "quantity": 1, "lineitem_total": "69.99"}}, {"model": "checkout.orderlineitem", "pk": 24, "fields": {"order": 15, "product": 2, "quantity": 1, "lineitem_total": "149.99"}}, {"model": "checkout.orderlineitem", "pk": 25, "fields": {"order": 16, "product": 18, "quantity": 1, "lineitem_total": "450.00"}}, {"model": "checkout.orderlineitem", "pk": 26, "fields": {"order": 17, "product": 17, "quantity": 1, "lineitem_total": "69.99"}}, {"model": "checkout.orderlineitem", "pk": 27, "fields": {"order": 18, "product": 17, "quantity": 1, "lineitem_total": "69.99"}}, {"model": "checkout.orderlineitem", "pk": 28, "fields": {"order": 19, "product": 1, "quantity": 1, "lineitem_total": "159.99"}}, {"model": "checkout.orderlineitem", "pk": 29, "fields": {"order": 20, "product": 12, "quantity": 1, "lineitem_total": "59.99"}}, {"model": "checkout.orderlineitem", "pk": 30, "fields": {"order": 21, "product": 1, "quantity": 1, "lineitem_total": "159.99"}}, {"model": "checkout.orderlineitem", "pk": 31, "fields": {"order": 21, "product": 2, "quantity": 1, "lineitem_total": "149.99"}}, {"model": "checkout.orderlineitem", "pk": 32, "fields": {"order": 21, "product": 3, "quantity": 1, "lineitem_total": "129.99"}}, {"model": "checkout.orderlineitem", "pk": 33, "fields": {"order": 21, "product": 4, "quantity": 1, "lineitem_total": "129.99"}}, {"model": "checkout.orderlineitem", "pk": 34, "fields": {"order": 21, "product": 7, "quantity": 1, "lineitem_total": "219.99"}}, {"model": "checkout.orderlineitem", "pk": 35, "fields": {"order": 21, "product": 19, "quantity": 1, "lineitem_total": "500.00"}}, {"model": "checkout.orderlineitem", "pk": 36, "fields": {"order": 21, "product": 17, "quantity": 2, "lineitem_total": "139.98"}}, {"model": "checkout.orderlineitem", "pk": 37, "fields": {"order": 21, "product": 22, "quantity": 1, "lineitem_total": "44.99"}}, {"model": "checkout.orderlineitem", "pk": 38, "fields": {"order": 21, "product": 11, "quantity": 1, "lineitem_total": "129.99"}}, {"model": "checkout.orderlineitem", "pk": 39, "fields": {"order": 21, "product": 16, "quantity": 1, "lineitem_total": "199.99"}}, {"model": "checkout.orderlineitem", "pk": 40, "fields": {"order": 21, "product": 15, "quantity": 1, "lineitem_total": "54.99"}}, {"model": "checkout.orderlineitem", "pk": 41, "fields": {"order": 21, "product": 8, "quantity": 1, "lineitem_total": "239.99"}}, {"model": "checkout.orderlineitem", "pk": 42, "fields": {"order": 22, "product": 11, "quantity": 1, "lineitem_total": "129.99"}}, {"model": "checkout.orderlineitem", "pk": 43, "fields": {"order": 23, "product": 12, "quantity": 1, "lineitem_total": "59.99"}}, {"model": "checkout.orderlineitem", "pk": 44, "fields": {"order": 24, "product": 2, "quantity": 2, "lineitem_total": "299.98"}}, {"model": "checkout.orderlineitem", "pk": 45, "fields": {"order": 25, "product": 3, "quantity": 1, "lineitem_total": "129.99"}}, {"model": "checkout.orderlineitem", "pk": 46, "fields": {"order": 26, "product": 2, "quantity": 1, "lineitem_total": "149.99"}}, {"model": "checkout.orderlineitem", "pk": 47, "fields": {"order": 27, "product": 4, "quantity": 1, "lineitem_total": "129.99"}}, {"model": "checkout.orderlineitem", "pk": 48, "fields": {"order": 28, "product": 4, "quantity": 1, "lineitem_total": "129.99"}}, {"model": "checkout.orderlineitem", "pk": 49, "fields": {"order": 29, "product": 3, "quantity": 1, "lineitem_total": "129.99"}}, {"model": "checkout.orderlineitem", "pk": 50, "fields": {"order": 30, "product": 3, "quantity": 1, "lineitem_total": "129.99"}}, {"model": "checkout.orderlineitem", "pk": 51, "fields": {"order": 31, "product": 3, "quantity": 1, "lineitem_total": "129.99"}}, {"model": "checkout.orderlineitem", "pk": 52, "fields": {"order": 32, "product": 3, "quantity": 1, "lineitem_total": "129.99"}}, {"model": "checkout.orderlineitem", "pk": 53, "fields": {"order": 33, "product": 17, "quantity": 1, "lineitem_total": "69.99"}}, {"model": "checkout.orderlineitem", "pk": 54, "fields": {"order": 34, "product": 17, "quantity": 1, "lineitem_total": "69.99"}}, {"model": "checkout.orderlineitem", "pk": 55, "fields": {"order": 35, "product": 2, "quantity": 1, "lineitem_total": "149.99"}}, {"model": "checkout.orderlineitem", "pk": 56, "fields": {"order": 36, "product": 2, "quantity": 1, "lineitem_total": "149.99"}}, {"model": "checkout.orderlineitem", "pk": 57, "fields": {"order": 37, "product": 2, "quantity": 1, "lineitem_total": "149.99"}}, {"model": "checkout.orderlineitem", "pk": 58, "fields": {"order": 38, "product": 2, "quantity": 1, "lineitem_total": "149.99"}}, {"model": "checkout.orderlineitem", "pk": 59, "fields": {"order": 39, "product": 3, "quantity": 1, "lineitem_total": "129.99"}}, {"model": "checkout.orderlineitem", "pk": 60, "fields": {"order": 40, "product": 3, "quantity": 1, "lineitem_total": "129.99"}}, {"model": "checkout.orderlineitem", "pk": 61, "fields": {"order": 41, "product": 2, "quantity": 1, "lineitem_total": "149.99"}}, {"model": "checkout.orderlineitem", "pk": 62, "fields": {"order": 42, "product": 2, "quantity": 2, "lineitem_total": "299.98"}}, {"model": "checkout.orderlineitem", "pk": 63, "fields": {"order": 43, "product": 3, "quantity": 1, "lineitem_total": "129.99"}}, {"model": "checkout.orderlineitem", "pk": 64, "fields": {"order": 44, "product": 2, "quantity": 1, "lineitem_total": "149.99"}}, {"model": "checkout.orderlineitem", "pk": 65, "fields": {"order": 45, "product": 2, "quantity": 1, "lineitem_total": "149.99"}}, {"model": "checkout.orderlineitem", "pk": 66, "fields": {"order": 46, "product": 2, "quantity": 1, "lineitem_total": "149.99"}}, {"model": "checkout.orderlineitem", "pk": 67, "fields": {"order": 47, "product": 2, "quantity": 1, "lineitem_total": "149.99"}}, {"model": "checkout.orderlineitem", "pk": 68, "fields": {"order": 48, "product": 2, "quantity": 1, "lineitem_total": "149.99"}}, {"model": "checkout.orderlineitem", "pk": 69, "fields": {"order": 49, "product": 11, "quantity": 1, "lineitem_total": "129.99"}}, {"model": "checkout.orderlineitem", "pk": 70, "fields": {"order": 50, "product": 11, "quantity": 1, "lineitem_total": "129.99"}}, {"model": "checkout.orderlineitem", "pk": 71, "fields": {"order": 51, "product": 11, "quantity": 8, "lineitem_total": "1039.92"}}, {"model": "checkout.orderlineitem", "pk": 72, "fields": {"order": 51, "product": 13, "quantity": 1, "lineitem_total": "59.99"}}, {"model": "checkout.orderlineitem", "pk": 73, "fields": {"order": 52, "product": 11, "quantity": 8, "lineitem_total": "1039.92"}}, {"model": "checkout.orderlineitem", "pk": 74, "fields": {"order": 52, "product": 13, "quantity": 1, "lineitem_total": "59.99"}}, {"model": "checkout.orderlineitem", "pk": 75, "fields": {"order": 53, "product": 12, "quantity": 1, "lineitem_total": "59.99"}}, {"model": "checkout.orderlineitem", "pk": 76, "fields": {"order": 54, "product": 12, "quantity": 1, "lineitem_total": "59.99"}}, {"model": "checkout.orderlineitem", "pk": 77, "fields": {"order": 55, "product": 11, "quantity": 1, "lineitem_total": "129.99"}}, {"model": "checkout.orderlineitem", "pk": 78, "fields": {"order": 56, "product": 11, "quantity": 1, "lineitem_total": "129.99"}}, {"model": "checkout.orderlineitem", "pk": 79, "fields": {"order": 57, "product": 17, "quantity": 1, "lineitem_total": "69.99"}}, {"model": "checkout.orderlineitem", "pk": 80, "fields": {"order": 58, "product": 17, "quantity": 1, "lineitem_total": "69.99"}}, {"model": "checkout.orderlineitem", "pk": 81, "fields": {"order": 59, "product": 11, "quantity": 1, "lineitem_total": "129.99"}}, {"model": "checkout.orderlineitem", "pk": 82, "fields": {"order": 60, "product": 11, "quantity": 1, "lineitem_total": "129.99"}}, {"model": "checkout.orderlineitem", "pk": 83, "fields": {"order": 61, "product": 11, "quantity": 1, "lineitem_total": "129.99"}}, {"model": "checkout.orderlineitem", "pk": 84, "fields": {"order": 62, "product": 17, "quantity": 1, "lineitem_total": "69.99"}}, {"model": "checkout.orderlineitem", "pk": 85, "fields": {"order": 63, "product": 17, "quantity": 1, "lineitem_total": "69.99"}}, {"model": "checkout.orderlineitem", "pk": 86, "fields": {"order": 64, "product": 17, "quantity": 1, "lineitem_total": "69.99"}}, {"model": "checkout.orderlineitem", "pk": 87, "fields": {"order": 65, "product": 17, "quantity": 1, "lineitem_total": "69.99"}}, {"model": "checkout.orderlineitem", "pk": 88, "fields": {"order": 66, "product": 17, "quantity": 1, "lineitem_total": "69.99"}}, {"model": "checkout.orderlineitem", "pk": 89, "fields": {"order": 67, "product": 17, "quantity": 1, "lineitem_total": "69.99"}}, {"model": "checkout.orderlineitem", "pk": 90, "fields": {"order": 68, "product": 3, "quantity": 1, "lineitem_total": "129.99"}}, {"model": "checkout.orderlineitem", "pk": 91, "fields": {"order": 69, "product": 3, "quantity": 1, "lineitem_total": "129.99"}}, {"model": "checkout.orderlineitem", "pk": 92, "fields": {"order": 70, "product": 17, "quantity": 1, "lineitem_total": "69.99"}}, {"model": "checkout.orderlineitem", "pk": 93, "fields": {"order": 71, "product": 17, "quantity": 1, "lineitem_total": "69.99"}}, {"model": "checkout.orderlineitem", "pk": 94, "fields": {"order": 72, "product": 2, "quantity": 1, "lineitem_total": "149.99"}}, {"model": "checkout.orderlineitem", "pk": 95, "fields": {"order": 73, "product": 2, "quantity": 1, "lineitem_total": "149.99"}}, {"model": "checkout.orderlineitem", "pk": 96, "fields": {"order": 74, "product": 12, "quantity": 4, "lineitem_total": "239.96"}}, {"model": "checkout.orderlineitem", "pk": 97, "fields": {"order": 75, "product": 12, "quantity": 4, "lineitem_total": "239.96"}}, {"model": "profiles.userprofile", "pk": 2, "fields": {"user": 3, "default_phone_number": "07534574539", "default_country": "GB", "default_postcode": "GL51 0PY", "default_town_or_city": "Cheltenham", "default_street_address1": "1 Watermoor Close", "default_street_address2": null, "default_county": "Glos"}}, {"model": "profiles.userprofile", "pk": 3, "fields": {"user": 4, "default_phone_number": "07534574539", "default_country": "GB", "default_postcode": "GL51 0PY", "default_town_or_city": "Cheltenham", "default_street_address1": "1 Watermoor Close", "default_street_address2": null, "default_county": "Glos"}}]